Ian,Any prior programming experience? (This class will go over C++)​
Roberto,What year are you? Are you a transfer student? ​
Gurtaj,What was your most memorable class?  (Memorable can be good or bad)​
Peang,What year are you? Are you a transfer student? ​
Collin,What do you like most about the campus?​
Vivian,What do you like most about the campus?​
Yoonsu,What do you like most about the campus?​
Jose,What do you like most about the campus?​
Bryson,What year are you? Are you a transfer student? ​
Raphael,What do you like most about the campus?​
Michael,What do you like most about the campus?​
Terrell,What projects do you want to accomplish this semester?​
Jorge,What are you most excited about this course?​
Jasson,What was your most memorable class?  (Memorable can be good or bad)​
Edgar,What are you most excited about this course?​
Alejandro,What do you like most about the campus?​
Dat,Any prior programming experience? (This class will go over C++)​
Josiah,What are you most excited about this course?​
Everest,What are you most excited about this course?​
Nathan,What year are you? Are you a transfer student? ​
Ly ,What year are you? Are you a transfer student? ​
Tamish ,Any prior programming experience? (This class will go over C++)​
Evan,What are you most excited about this course?​
Jennifer,What do you like most about the campus?​
Thomas,What was your most memorable class?  (Memorable can be good or bad)​
Anthony,What do you like most about the campus?​
Jun,What do you like most about the campus?​
Zenobi,What do you like most about the campus?​
Pratham,What projects do you want to accomplish this semester?​
Adam,What do you like most about the campus?​
